{
    "accuracy": 0.8777777777777778,
    "precision": 0.9684466019417476,
    "recall": 0.8044354838709677,
    "f1": 0.8788546255506607
}